Time_Run,AgentTesla,Spyware
0.112,0.745,0.594
0.222,0.727,0.59
0.331,0.621,0.581
0.441,1.285,0.477
0.551,0.65,0.491
0.66,0.731,0.656
0.77,0.635,0.509
0.883,0.666,0.397
0.99,0.638,0.442
1.097,0.665,0.46
1.208,0.655,0.539
1.32,0.674,0.545
1.425,0.659,0.458
1.54,0.706,0.436
1.646,0.696,0.533
1.758,0.65,0.473
1.863,0.647,0.472
1.971,0.661,0.484
2.082,0.691,0.477
2.194,0.634,0.488
2.3,0.666,0.552
2.415,0.584,0.501
2.518,0.829,0.543
2.634,0.691,0.602
2.742,0.668,0.445
2.848,0.624,0.413
2.958,1.134,0.369
3.071,0.912,0.456
3.181,0.649,0.447
3.289,0.812,0.458
3.395,1.158,0.475
3.51,1.027,0.463
3.618,1.429,0.524
3.721,1.105,0.616
3.833,1.217,0.491
3.944,1.219,0.54
4.049,1.383,0.522
4.164,1.353,0.577
4.271,1.173,0.532
4.383,1.238,0.432
4.491,1.464,0.45
4.598,1.366,0.468
4.706,1.012,0.479
4.817,1.414,0.572
4.926,1.386,0.475
5.034,0.889,0.535
5.146,0.676,0.479
5.258,0.659,0.519
5.368,0.644,0.49
5.473,0.664,0.425
5.596,0.713,0.451
5.696,0.734,0.495
5.801,0.568,0.706
5.91,0.642,0.787
6.019,0.658,0.908
6.133,0.73,1.267
6.242,0.714,1.237
6.349,1.24,0.96
6.459,1.539,0.791
6.566,1.297,1.096
6.677,1.415,0.936
6.789,1.459,0.629
6.894,1.271,1.472
7.003,0.624,0.835
7.113,0.712,0.379
7.222,0.623,0.481
7.332,0.663,0.616
7.445,0.795,0.478
7.55,0.843,0.679
7.665,0.792,0.553
7.771,0.749,0.581
7.878,0.777,0.524
7.99,0.776,0.516
8.097,0.72,0.49
8.207,0.909,0.857
8.318,0.684,0.616
8.427,0.951,0.655
8.538,0.951,0.617
8.644,0.786,0.556
8.758,0.692,0.514
8.862,0.627,0.52
8.971,0.694,0.632
9.081,0.761,0.718
9.194,0.703,0.577
9.301,0.59,0.578
9.409,0.667,0.574
9.519,0.651,0.559
9.63,0.671,0.502
9.742,0.705,0.498
9.847,0.714,0.699
9.956,0.671,0.549
10.066,0.654,0.711
10.176,0.673,0.523
10.284,0.615,0.549
10.394,0.668,0.516
10.502,0.648,0.497
10.612,0.672,0.506
10.721,0.646,0.489
10.831,0.643,0.535
10.942,0.71,0.565
11.053,0.606,0.691
11.165,0.656,0.681
11.268,0.627,0.561
11.383,0.639,0.694
11.489,0.629,0.501
11.597,0.764,0.511
11.709,0.694,0.532
11.816,1.378,0.486
11.927,0.659,0.566
12.035,0.621,0.557
12.144,0.644,0.518
12.254,0.641,0.46
12.364,0.61,0.613
12.471,0.662,0.443
12.594,0.665,0.702
12.694,0.664,0.669
12.8,0.625,0.743
12.91,0.653,0.446
13.019,0.634,0.42
13.129,0.63,0.563
13.238,0.696,0.645
13.347,0.658,0.59
13.458,0.817,0.425
13.566,0.697,0.494
13.68,0.703,0.601
13.788,0.613,0.514
13.894,0.666,0.473
14.006,0.621,0.468
14.114,0.656,0.493
14.221,0.695,0.584
14.33,0.716,0.541
14.443,0.844,0.513
14.549,0.767,0.574
14.66,0.649,0.608
14.769,0.748,0.507
14.882,0.601,0.839
14.989,0.684,0.485
15.098,0.629,0.764
15.206,0.676,0.573
15.317,0.787,0.611
15.424,1.128,0.492
15.539,0.844,0.446
15.644,0.735,0.501
15.753,0.776,0.465
15.863,0.618,0.539
15.973,0.671,0.443
16.084,0.635,0.588
16.19,0.659,0.485
16.307,0.612,0.49
16.409,0.675,0.496
16.522,0.636,0.472
16.632,1.003,0.508
16.742,1.551,0.459
16.848,0.753,0.522
16.957,0.739,0.586
17.067,0.766,0.57
17.178,0.741,0.628
17.288,0.734,0.584
17.395,1.283,0.631
17.503,1.282,0.5
17.614,0.838,0.774
17.722,0.851,0.638
17.832,0.789,0.55
17.943,0.764,0.463
18.056,1.445,0.464
18.162,0.727,0.549
18.268,0.621,0.542
18.382,0.616,0.655
18.487,0.827,0.445
18.602,0.792,0.482
18.708,1.072,0.531
18.82,1.309,0.626
18.926,1.471,0.572
19.039,1.392,0.496
19.147,1.441,0.503
19.258,1.621,0.519
19.366,1.584,0.482
19.471,1.17,0.545
19.603,1.21,0.562
19.696,1.269,0.557
19.799,1.08,0.51
19.911,1.034,0.615
20.02,1.223,0.564
20.129,0.737,0.682
20.243,0.613,0.507
20.349,0.66,0.432
20.458,0.932,0.458
20.566,0.815,0.451
20.682,0.607,0.569
20.789,0.655,0.67
20.893,0.61,0.947
21.006,0.658,1.004
21.116,0.594,1.071
21.223,0.614,0.933
21.333,0.656,1.047
21.441,0.621,1.169
21.551,0.667,1.116
21.663,0.643,1.179
21.77,0.674,0.928
21.878,0.605,1.481
21.988,0.668,1.643
22.097,0.688,0.721
22.206,0.636,1.243
22.317,0.622,1.398
22.425,0.698,0.859
22.535,0.651,1.054
22.643,0.698,1.255
22.758,0.659,0.543
22.867,0.621,0.534
22.971,0.625,0.414
23.084,0.647,0.489
23.195,0.61,0.528
23.618,0.6,1.254
23.659,0.732,1.635
23.738,0.66,1.427
23.848,0.645,1.414
23.957,0.693,1.784
24.067,0.638,1.889
24.175,0.702,1.543
24.286,0.659,1.748
24.394,0.599,0.781
24.509,0.601,0.495
24.825,0.679,1.489
24.91,0.666,1.458
24.944,0.922,1.471
25.055,0.93,1.389
25.163,0.62,1.331
25.269,0.667,0.497
25.384,0.608,0.538
25.488,0.69,0.488
25.598,0.638,0.562
25.706,0.665,0.538
25.816,0.59,0.506
25.925,0.7,0.479
26.039,0.644,0.448
26.143,0.633,0.476
26.254,0.648,0.466
26.367,0.673,0.508
26.472,0.641,0.438
26.595,0.634,0.463
26.696,0.664,0.522
26.8,0.762,0.469
26.909,0.617,0.451
27.021,0.705,0.49
27.129,0.664,0.483
27.242,0.626,0.485
27.347,0.638,0.597
27.457,0.694,0.544
27.57,0.6,0.574
27.681,0.655,0.683
27.789,0.639,0.518
27.893,0.663,0.54
28.002,0.7,0.446
28.112,0.687,0.441
28.222,0.675,0.471
28.331,1.296,0.691
28.44,0.78,0.5
28.55,0.635,0.48
28.663,0.614,0.494
28.771,0.644,0.576
28.884,0.693,0.49
28.992,0.614,0.494
29.099,0.724,0.466
29.208,0.655,0.475
29.319,0.632,0.461
29.424,0.683,0.507
29.538,0.65,0.497
29.643,0.613,0.583
29.754,0.716,0.545
29.867,0.745,0.608
29.972,0.885,0.486
30.08,0.758,0.605
30.196,0.637,0.539
30.3,0.658,0.553
30.41,0.674,0.506
30.521,0.625,0.432
30.632,0.645,0.488
30.742,0.7,0.563
30.848,0.772,0.508
31.103,0.674,0.477
31.24,0.626,1.74
31.288,0.67,1.472
31.396,0.712,1.442
31.509,0.656,0.887
31.613,0.668,0.483
31.724,0.678,0.529
31.834,0.756,0.514
31.94,0.633,0.513
32.054,0.781,0.441
32.159,0.687,0.447
32.27,0.627,0.471
32.383,0.678,0.553
32.492,0.613,0.477
32.6,0.641,0.653
32.706,0.657,0.596
32.815,0.666,0.481
32.924,0.624,0.45
33.034,0.683,0.474
33.145,0.66,0.469
33.258,0.637,0.467
33.362,0.656,0.465
33.472,0.652,0.471
33.595,0.649,0.467
33.691,0.651,0.504
33.807,0.64,0.51
33.915,0.625,0.389
34.02,0.89,0.371
34.128,1.037,0.41
34.238,0.96,0.516
34.348,1.237,0.462
34.458,1.127,0.428
34.569,1.202,0.471
34.682,1.143,0.508
34.789,1.276,0.505
34.893,1.157,0.554
35.008,1.101,0.553
35.113,1.483,0.496
35.223,0.913,0.53
35.623,0.616,1.247
35.714,0.681,1.434
35.769,0.723,1.711
35.884,0.62,1.622
35.988,0.659,1.747
36.097,0.687,1.5
36.209,0.667,1.305
36.321,0.663,0.991
36.426,0.718,1.051
36.535,0.626,1.023
36.644,0.634,0.828
36.754,0.615,0.954
36.868,0.724,1.072
36.974,0.588,0.816
37.082,0.758,1.029
37.195,0.699,1.158
37.3,0.625,0.574
37.409,0.666,0.529
37.521,0.659,0.551
37.628,0.764,0.594
37.742,0.693,0.571
37.846,0.653,0.469
37.957,0.639,0.467
38.065,1.665,0.452
38.176,0.875,0.378
38.285,0.791,0.451
38.393,0.837,0.373
38.503,0.724,0.36
38.612,0.901,0.457
38.728,0.93,0.504
38.834,1.15,0.49
38.944,1.167,0.447
39.051,0.795,0.469
39.16,0.895,0.467
39.271,0.824,0.46
39.519,0.807,0.487
39.753,0.864,1.656
39.816,0.732,1.535
39.931,1.287,1.24
40.04,1.102,0.618
40.146,0.807,0.495
40.358,0.645,1.524
40.446,0.725,1.734
40.471,0.721,1.573
40.597,0.702,1.519
40.696,0.621,1.4
40.807,0.666,1.152
40.913,0.646,0.443
41.019,0.668,0.476
41.127,0.628,0.461
41.24,0.693,0.486
41.346,0.668,0.456
41.458,0.683,0.468
41.569,0.665,0.442
41.676,0.647,0.496
41.789,0.688,0.479
41.896,0.674,0.484
42.005,0.599,0.482
42.112,0.676,0.442
42.225,0.633,0.455
42.331,0.742,0.625
42.44,0.661,0.494
42.55,0.678,0.616
42.663,0.655,0.511
42.768,0.747,0.566
42.883,0.692,0.47
42.99,0.65,0.482
43.097,0.611,0.475
43.208,0.616,0.489
43.315,0.777,0.854
43.427,0.585,0.801
43.539,0.626,0.572
43.643,0.717,0.495
43.756,0.642,0.539
43.867,0.689,0.645
43.978,1.381,0.465
44.084,0.598,0.468
44.196,0.676,0.437
44.306,0.633,0.476
44.63,0.706,1.329
44.739,0.618,1.477
44.847,0.714,1.483
44.958,0.612,1.048
45.067,0.606,0.645
45.174,0.644,0.449
45.289,0.624,0.559
45.393,0.647,0.614
45.505,0.822,0.47
45.812,0.624,1.671
45.832,0.774,1.466
45.944,0.701,1.362
46.052,0.616,1.211
46.164,0.632,0.438
46.269,0.678,0.511
46.383,0.645,0.538
46.487,0.676,0.502
46.6,0.638,0.484
46.709,0.679,0.536
46.821,0.642,0.503
46.931,0.735,0.477
47.04,0.627,0.519
47.143,0.623,0.441
47.259,0.643,0.451
47.367,0.706,0.594
47.474,0.64,0.448
47.593,0.66,0.603
47.696,0.68,0.477
47.8,0.613,0.581
47.909,0.677,0.466
48.02,0.654,0.472
48.132,0.64,0.469
48.238,0.626,0.447
48.353,0.672,0.468
48.459,0.646,0.449
48.571,0.631,0.524
48.674,0.639,0.488
48.79,0.72,0.551
48.895,0.627,0.475
49.009,0.68,0.471
49.113,0.656,0.452
49.223,0.602,0.455
49.332,0.662,0.552
49.444,0.621,0.439
49.551,0.827,0.49
49.663,0.832,0.506
49.771,0.847,0.472
49.879,1.104,0.594
49.988,1.108,0.462
50.098,1.226,0.589
50.206,1.234,0.446
50.321,0.974,0.625
50.425,1.093,0.514
50.539,1.327,0.43
50.644,1.067,0.486
50.757,1.243,0.636
50.867,1.368,0.985
50.974,0.926,0.833
51.082,0.687,1.012
51.194,0.642,0.897
51.306,0.639,0.919
51.413,0.68,0.804
51.566,0.584,1.054
51.968,0.682,1.809
52.065,0.665,1.939
52.177,0.637,1.376
52.288,0.693,1.256
52.393,0.609,0.494
52.504,0.667,0.453
52.617,0.6,0.682
52.724,0.669,0.517
52.831,0.644,0.576
52.943,0.613,0.429
53.049,0.817,0.472
53.16,0.611,0.455
53.271,0.673,0.454
53.382,0.644,0.633
53.491,0.619,0.454
53.596,0.621,0.48
53.708,0.64,0.454
53.816,0.731,0.53
53.924,0.634,0.434
54.034,0.648,0.489
54.144,0.69,0.459
54.253,0.71,0.451
54.368,0.58,0.497
54.475,0.707,0.437
54.595,0.628,0.526
54.695,0.663,0.489
54.802,0.639,0.781
54.913,0.715,0.6
55.019,1.17,0.506
55.129,0.854,0.567
55.237,0.67,0.462
55.347,0.687,0.465
55.458,0.628,0.441
55.571,0.659,0.484
55.682,0.673,0.48
55.788,0.586,0.445
55.896,0.718,0.47
56.007,0.684,0.436
56.117,0.606,0.485
56.224,0.651,0.438
56.333,0.717,0.725
56.445,0.78,0.535
56.552,0.685,0.455
56.663,0.694,0.498
56.772,0.624,0.54
56.884,0.754,0.561
56.992,0.701,0.459
57.098,0.677,0.534
57.208,0.703,0.435
57.316,0.659,0.541
57.431,0.666,0.515
57.534,0.63,0.513
57.643,0.67,0.56
57.753,0.627,0.495
57.862,0.601,0.562
57.972,0.629,0.445
58.082,0.673,0.46
58.194,0.639,0.47
58.301,0.637,0.469
58.412,0.884,0.448
58.521,1.219,0.416
58.633,0.698,0.491
58.742,1.076,0.549
58.847,1.228,0.588
58.956,1.465,0.433
59.07,1.458,0.446
59.181,1.202,0.445
59.285,1.198,0.547
59.395,1.236,0.519
59.502,1.173,0.449
59.613,1.187,0.458
59.728,1.28,0.477
59.831,1.237,0.588
59.945,1.39,0.508
60.05,1.123,0.532
60.163,1.182,0.581
60.269,1.274,0.448
60.383,1.223,0.478
60.491,1.216,0.448
60.6,1.18,0.466
60.707,1.167,0.451
60.821,1.151,0.492
60.932,1.249,0.387
61.034,1.143,0.486
61.143,1.636,0.524
61.257,1.519,0.46
61.365,1.194,0.536
61.473,1.674,0.442
61.594,1.954,0.438
61.695,1.704,0.503
61.8,0.911,0.501
61.909,0.9,0.476
62.018,0.849,0.435
62.13,0.787,0.519
62.243,1.353,0.442
62.347,1.316,0.672
62.459,0.729,0.477
62.566,0.801,0.574
62.681,0.822,0.536
62.784,0.821,0.492
62.894,0.897,0.517
63.007,1.591,0.478
63.114,0.844,0.471
63.225,0.774,0.395
63.332,0.733,0.446
63.445,0.646,0.446
63.556,0.622,0.434
63.659,0.68,0.476
63.771,0.627,0.444
63.882,0.651,0.521
63.992,0.628,0.433
64.098,0.721,0.458
64.207,0.616,0.505
64.316,0.648,0.521
64.426,0.651,0.464
64.535,0.585,0.469
64.646,0.667,0.513
64.758,0.67,0.499
64.863,0.584,0.644
64.973,0.646,0.481
65.081,1.103,0.551
65.19,1.111,0.494
65.301,1.19,0.449
65.41,1.264,0.486
65.521,1.426,0.446
65.631,1.101,0.481
65.737,1.422,0.631
65.847,1.255,0.892
65.955,1.203,0.764
66.067,1.168,0.899
66.181,1.265,0.995
66.289,1.158,0.884
66.393,0.938,1.054
66.509,0.753,1.059
66.612,0.707,0.951
66.722,0.67,0.69
66.831,0.648,1.366
66.943,1.482,0.631
67.053,0.732,0.456
67.16,0.642,0.511
67.271,0.662,0.511
67.381,0.65,0.648
67.493,0.65,0.457
67.597,0.626,0.594
67.707,0.664,0.529
67.821,0.642,0.508
67.926,0.659,0.45
68.038,0.616,0.432
68.145,0.708,0.472
68.253,0.687,0.429
68.367,0.606,0.518
68.471,0.643,0.464
68.595,0.696,0.458
68.695,0.637,0.46
68.8,0.639,0.501
68.914,0.87,0.478
69.019,0.674,0.456
69.129,0.674,0.374
69.243,0.646,0.472
69.346,0.679,0.591
69.456,0.614,0.446
69.571,0.69,0.462
69.677,0.635,0.482
69.788,0.629,0.477
69.895,0.709,0.64
70.009,0.685,0.491
70.115,0.62,0.582
70.228,0.67,0.489
70.331,0.664,0.498
70.443,0.649,0.452
70.551,0.67,0.457
70.66,0.609,0.479
70.771,0.665,0.458
70.878,0.671,0.49
70.987,0.772,0.439
71.099,0.67,0.462
71.209,0.709,0.427
71.321,0.658,0.483
71.431,0.642,0.488
71.539,0.721,0.388
71.644,0.701,0.464
71.752,0.611,0.461
71.863,1.261,0.484
71.978,0.838,0.437
72.083,0.688,0.483
72.19,0.71,0.475
72.307,0.703,0.591
72.413,0.631,0.605
72.638,0.647,0.675
72.765,0.621,1.335
72.863,0.625,1.783
72.956,0.617,1.553
73.069,0.711,1.335
73.177,0.649,0.763
73.284,0.631,0.465
73.396,0.688,0.486
73.509,0.702,0.476
73.612,0.612,0.544
73.929,0.703,0.918
73.942,0.713,1.724
74.057,0.612,1.687
74.164,0.63,1.448
74.269,0.703,1.264
74.381,0.615,0.534
74.493,0.673,0.47
74.599,0.646,0.473
74.706,0.625,0.466
74.821,0.643,0.587
74.926,0.615,0.545
75.039,0.664,0.535
75.145,0.652,0.542
75.253,0.84,0.503
75.366,1.023,0.412
75.473,0.695,0.424
75.596,0.617,0.479
75.695,0.656,0.495
75.806,0.625,0.482
75.914,0.675,0.45
76.021,0.641,0.446
76.128,0.623,0.453
76.237,0.654,0.468
76.348,0.701,0.505
76.458,0.633,0.447
76.568,0.948,0.437
76.681,1.188,0.503
76.784,0.613,0.491
76.895,0.838,0.482
77.003,0.632,0.441
77.118,0.794,0.454
77.223,0.673,0.46
77.331,0.704,0.56
77.445,0.629,0.573
77.557,0.656,0.603
77.664,0.625,0.603
77.769,0.646,0.499
77.884,0.655,0.444
77.988,0.674,0.444
78.097,0.616,0.462
78.208,0.676,0.461
78.319,0.69,0.542
78.43,0.63,0.452
78.54,0.663,0.435
78.646,0.675,0.494
78.757,0.642,0.47
78.866,0.644,0.496
78.975,0.668,0.481
79.081,0.684,0.442
79.195,0.684,0.482
79.299,0.686,0.455
79.414,0.661,0.467
79.518,0.666,0.45
79.633,0.677,0.496
79.738,0.645,0.502
79.85,0.621,0.576
79.96,0.627,0.527
80.071,0.674,0.556
80.181,0.584,0.515
80.284,0.912,0.495
80.395,1.118,0.473
80.505,1.116,0.432
80.613,1.184,0.451
80.724,1.025,0.568
80.832,1.164,0.817
80.944,1.364,0.811
81.055,1.294,0.931
81.163,1.229,0.964
81.269,1.101,0.96
81.378,1.253,0.833
81.493,1.089,1.044
81.605,0.88,1.143
81.706,1.599,0.925
81.821,0.881,1.359
81.925,0.823,1.451
82.04,1,0.686
82.145,0.921,0.684
82.253,0.729,0.565
82.367,0.617,0.634
82.471,0.626,0.786
82.593,0.666,0.552
82.696,0.657,0.557
82.799,0.631,0.532
82.914,0.645,0.442
83.018,0.617,0.449
83.129,0.665,0.411
83.237,0.648,0.453
83.348,0.653,0.548
83.456,0.622,0.49
83.565,0.664,0.478
83.68,0.654,0.53
83.788,0.649,0.53
83.893,0.631,0.503
84.008,0.627,0.396
84.118,0.664,0.444
84.221,0.709,0.463
84.555,0.614,1.338
84.666,0.654,1.595
84.77,0.671,1.417
84.883,0.597,1.469
84.987,0.674,0.943
85.097,0.632,0.575
85.206,0.636,0.513
85.319,0.665,0.486
85.424,0.704,0.458
85.54,0.598,0.45
85.643,0.863,0.47
85.753,0.894,0.494
85.866,0.986,0.56
85.971,1.58,0.48
86.083,0.852,0.438
86.19,0.948,0.462
86.301,0.9,0.506
86.413,0.849,0.45
86.521,0.773,0.459
86.627,1.478,0.458
86.739,0.923,0.457
86.847,0.824,0.508
86.957,0.706,0.461
87.066,0.774,0.47
87.175,0.886,0.45
87.29,0.701,0.483
87.396,0.71,0.574
87.504,0.761,0.527
87.612,0.62,0.486
87.724,0.65,0.65
87.831,0.709,0.585
87.945,0.655,0.45
88.052,0.618,0.462
88.164,0.671,0.422
88.271,0.653,0.485
88.383,0.678,0.541
88.492,0.688,0.445
88.597,0.679,0.464
88.706,0.598,0.645
88.821,0.684,0.498
88.924,0.643,0.35
89.034,0.626,0.478
89.144,0.658,0.479
89.253,0.653,0.409
89.366,0.749,0.793
89.473,0.687,0.591
89.595,0.644,0.566
89.696,0.628,0.603
89.8,0.631,0.618
89.914,0.651,0.609
90.02,0.633,0.73
90.133,0.631,0.61
90.238,0.688,0.553
90.348,0.651,0.559
90.455,0.641,0.479
90.565,0.676,0.479
90.675,0.658,0.511
90.788,0.607,0.559
90.896,0.769,0.488
91.004,0.624,0.476
91.113,0.637,0.469
91.222,0.619,0.477
91.331,0.676,0.524
91.44,0.653,0.445
91.549,0.6,0.551
91.66,0.653,0.498
91.769,0.692,0.468
91.883,0.621,0.505
91.987,0.647,0.614
92.096,0.669,0.564
92.209,0.609,0.55
92.322,0.753,0.535
92.425,0.663,0.485
92.865,0.615,1.254
92.979,0.658,1.539
93.082,0.697,1.348
93.194,0.629,1.227
93.306,0.625,0.469
93.412,0.647,0.437
93.52,0.69,0.487
93.628,0.605,0.468
93.737,0.747,0.434
93.847,0.669,0.522
93.958,1.425,0.451
94.069,0.679,0.531
94.181,0.699,0.497
94.289,0.626,0.505
94.455,0.636,0.464
94.725,0.704,1.785
94.832,0.706,1.565
94.944,0.74,1.419
95.053,0.611,1.406
95.164,0.681,0.929
95.27,0.643,0.514
95.384,0.664,0.474
95.491,0.623,0.488
95.597,0.64,0.453
95.707,0.648,0.482
95.816,0.731,0.717
95.932,0.611,0.945
96.035,0.782,0.928
96.144,1.039,0.887
96.255,1.019,1.218
96.368,1.241,1.105
96.472,1.091,0.942
96.778,1.167,1.047
96.858,1.237,1.849
96.924,1.266,1.735
97.019,1.127,1.741
97.13,1.313,1.614
97.237,1.071,1.391
97.346,0.954,0.581
97.459,0.716,0.46
97.569,0.627,0.64
97.681,0.639,0.497
97.788,0.657,0.455
97.894,0.661,0.495
98.008,0.696,0.465
98.114,0.728,0.456
98.224,0.644,0.48
98.331,0.694,0.507
98.441,0.629,0.481
98.549,0.692,0.431
98.664,0.629,0.46
98.771,0.657,0.465
98.883,0.6,0.506
98.992,0.67,0.456
99.097,0.672,0.469
99.208,0.615,0.454
99.32,0.657,0.565
99.431,0.671,0.44
99.539,0.603,0.489
99.644,0.638,0.49
99.758,0.669,0.459
99.868,0.587,0.636
99.972,0.911,0.434
100.081,0.62,0.61
100.194,0.678,0.448
100.307,0.639,0.681
100.415,0.646,0.595
100.52,0.646,0.515
100.632,0.655,0.474
100.738,0.606,0.429
100.854,0.627,0.488
100.957,0.663,0.437
101.069,0.678,0.447
101.174,0.61,0.446
101.29,0.687,0.465
101.394,0.651,0.458
101.509,0.667,0.457
101.613,0.653,0.529
101.723,0.665,0.462
101.832,0.6,0.5
101.944,0.622,0.472
102.054,0.684,0.44
102.164,0.614,0.449
102.27,0.657,0.462
102.379,0.661,0.67
102.492,0.719,0.446
102.599,0.629,0.747
102.709,0.654,0.462
102.819,0.664,0.54
102.927,0.623,0.451
103.04,0.733,0.464
103.145,0.722,0.436
103.253,0.62,0.625
103.368,0.674,0.9
103.474,0.723,0.705
103.595,0.597,0.426
103.696,0.653,0.47
103.806,0.628,0.496
103.91,0.63,0.466
104.021,0.717,0.437
104.132,0.781,0.446
104.238,0.63,0.447
104.347,0.655,0.471
104.456,0.687,0.533
104.57,0.666,0.556
104.675,0.683,0.51
104.789,0.708,0.471
104.895,0.607,0.659
105.003,0.674,0.428
105.113,0.68,0.574
105.223,0.655,0.453
105.33,0.616,0.534
105.44,0.658,0.451
105.554,0.639,0.479
105.665,0.623,0.457
105.769,0.639,0.447
105.878,0.642,0.519
105.987,0.626,0.434
106.099,0.673,0.465
106.206,0.676,0.435
106.32,0.598,0.527
106.426,0.689,0.543
106.535,0.644,0.497
106.643,0.678,0.529
106.758,0.615,0.465
106.911,0.684,0.518
107.181,1.212,1.752
107.254,0.941,1.414
107.306,0.626,1.602
107.409,0.625,1.446
107.518,0.661,1.285
107.633,0.704,1.029
107.741,0.585,0.434
107.847,0.722,0.573
107.958,0.65,0.433
108.07,0.604,0.468
108.174,0.698,0.452
108.284,0.738,0.497
108.395,0.646,0.492
108.504,0.619,0.438
108.613,0.694,0.515
108.723,0.653,0.481
108.832,0.647,0.545
108.945,0.65,0.428
109.053,0.783,0.432
109.163,0.607,0.398
109.271,0.654,0.45
109.382,0.627,0.483
109.493,0.655,0.443
109.596,0.661,0.487
109.707,1.36,0.446
109.82,0.644,0.56
109.925,0.653,0.556
110.04,0.974,0.51
110.146,0.774,0.55
110.258,0.784,0.444
110.367,1.575,0.531
110.478,0.796,0.444
110.593,1.208,0.504
110.69,0.926,0.517
110.805,1.125,0.842
110.915,1.066,1.046
111.021,1.405,0.781
111.133,1.596,0.916
111.243,1.073,0.997
111.347,1.493,0.749
111.457,1.606,0.989
111.57,1.327,1.036
111.682,1.358,1.079
111.789,1.522,1.059
111.895,1.523,0.849
112.008,1.468,0.426
112.112,1.585,0.507
112.224,1.481,0.452
112.334,1.361,0.589
112.44,1.44,0.471
112.556,1.006,0.504
112.665,1.33,0.63
112.77,1.045,0.485
112.878,0.634,0.552
112.987,0.666,0.411
113.098,0.68,0.453
113.209,0.707,0.457
113.32,0.708,0.484
113.426,0.663,0.46
113.539,0.704,0.442
113.644,0.723,0.475
113.758,0.636,0.442
113.863,0.643,0.524
113.972,0.669,0.458
114.083,0.582,0.484
114.318,0.806,0.487
114.412,0.632,1.787
114.643,0.581,1.786
114.782,0.768,1.707
114.847,0.764,1.777
114.959,0.763,1.61
115.071,0.663,1.506
115.176,0.614,1.304
115.289,0.651,1.34
115.394,0.696,1.063
115.509,0.654,0.404
115.614,0.616,0.467
115.728,0.665,0.464
115.833,0.786,0.483
115.945,0.637,0.485
116.053,0.663,0.46
116.163,0.611,0.45
116.27,0.66,0.421
116.379,0.644,0.713
116.814,0.668,1.288
116.887,0.728,1.761
116.944,0.637,1.448
117.035,0.672,1.542
117.144,0.659,1.365
117.254,0.669,1.284
117.367,0.63,0.936
117.471,0.668,0.442
117.593,0.679,0.609
117.695,0.727,0.52
117.805,0.636,0.493
117.913,0.654,0.472
118.021,0.653,0.454
118.128,0.698,0.456
118.242,0.636,0.432
118.348,0.685,0.553
118.457,0.658,0.436
118.566,0.633,0.415
118.675,0.652,0.494
118.789,0.657,0.451
118.896,0.726,0.551
119.009,0.754,0.46
119.113,0.651,0.468
119.223,0.631,0.433
119.334,0.689,0.511
119.445,0.674,0.478
119.551,0.647,0.442
119.66,0.65,0.617
119.771,0.655,0.527
119.877,0.631,0.775
119.987,0.666,0.482
120.098,0.688,0.591
120.207,0.657,0.446
120.316,0.6,0.458
120.425,0.661,0.459
120.538,0.781,0.417
120.646,0.654,0.523
120.758,0.638,0.421
120.862,0.656,0.467
120.974,0.667,0.505
121.083,0.677,0.5
121.191,0.644,0.506
121.299,0.63,0.406
121.409,0.617,0.499
121.52,0.648,0.566
121.629,0.703,0.545
121.737,1.397,0.464
121.847,0.662,0.499
121.957,0.673,0.478
122.069,0.687,0.449
122.181,0.843,0.614
122.285,1.032,0.457
122.395,1.145,0.709
122.503,0.731,0.45
122.612,0.675,0.588
122.723,0.659,0.497
122.833,0.637,0.49
122.944,0.662,0.476
123.055,0.682,0.506
123.16,0.614,0.503
123.268,0.672,0.46
123.38,0.609,0.444
123.487,0.836,0.43
123.597,0.665,0.442
123.709,0.661,0.422
123.816,0.602,0.466
123.925,0.739,0.494
124.038,0.7,0.455
124.145,0.627,0.471
124.253,0.645,0.47
124.368,0.619,0.469
124.472,0.647,0.427
124.595,0.764,0.443
124.694,0.768,0.492
124.8,0.662,0.475
124.91,1.484,0.634
125.019,0.734,0.471
125.129,0.634,0.639
125.238,0.693,0.556
125.348,0.69,0.533
125.456,0.711,0.414
125.566,0.635,0.475
125.678,0.68,0.549
125.786,0.632,0.712
125.894,0.671,1.043
126.006,0.786,1.005
126.114,0.667,1.343
126.221,0.642,1.218
126.331,0.671,1.177
126.444,0.646,1.025
126.55,0.681,1.295
126.662,1.02,1.283
126.769,1.178,1.068
126.878,1.199,1.427
126.99,1.302,1.334
127.096,1.559,0.758
127.206,1.379,0.657
127.318,1.518,0.781
127.429,1.329,0.636
127.534,1.34,0.54
127.643,1.444,0.594
127.757,1.509,0.645
127.862,1.642,0.622
127.971,1.782,0.524
128.082,1.832,0.585
128.19,1.485,0.516
128.306,1.222,0.531
128.414,1.179,0.458
128.521,1.181,0.458
128.633,1.163,0.604
128.737,1.177,0.493
128.846,1.166,0.549
128.956,1.312,0.573
129.065,1.226,0.433
129.178,1.203,0.49
129.286,1.171,0.697
129.393,1.119,0.615
129.502,1.156,0.568
129.614,1.116,0.524
129.724,1.168,0.582
129.832,1.146,0.579
129.941,1.133,0.654
130.054,1.157,0.575
130.159,1.213,0.604
130.268,1.164,0.538
130.384,1.171,0.578
130.487,1.173,0.449
130.597,1.202,0.681
130.706,1.067,0.744
130.815,1.14,0.491
130.927,1.158,0.488
131.034,1.098,0.434
131.143,1.177,0.473
131.254,1.188,0.475
131.368,0.829,0.544
131.473,0.676,0.464
131.594,0.957,0.472
131.69,1.607,0.467
131.799,0.88,0.465
131.914,0.925,0.543
132.02,0.924,0.436
132.13,0.944,0.456
132.241,0.933,0.506
132.348,1.465,0.707
132.459,1.132,0.713
132.565,0.886,0.521
132.68,0.76,0.615
132.79,0.754,0.449
132.894,1.157,0.498
133.004,1.336,0.503
133.118,0.823,0.429
133.224,1.017,0.505
133.33,0.75,0.487
133.445,0.729,0.499
133.556,0.868,0.418
133.662,1.539,0.401
133.771,0.705,1.098
133.882,0.6,1.514
133.99,0.717,1.567
134.102,0.8,1.073
134.205,0.602,0.636
134.316,0.703,0.477
134.426,0.628,0.48
134.54,0.652,0.45
134.644,0.644,0.507
134.758,0.693,0.439
134.866,0.608,0.531
134.974,0.729,0.461
135.084,1.225,0.548
135.196,1.321,0.488
135.302,1.259,0.485
135.414,1.311,0.495
135.521,1.352,0.519
135.634,1.342,0.577
135.743,1.288,0.39
135.848,1.26,0.453
135.957,1.147,0.507
136.067,1.196,0.463
136.175,1.145,0.764
136.285,1.129,1.6
136.394,1.179,1.463
136.503,1.099,1.541
136.616,1.159,1.017
136.723,1.125,0.658
136.833,1.139,0.489
136.944,1.091,0.654
137.052,1.178,0.491
137.164,1.328,0.494
137.27,1.295,0.591
137.378,1.236,0.67
137.487,1.19,0.67
137.597,1.555,0.793
137.707,1.688,0.718
137.818,1.17,0.561
137.926,1.169,0.576
138.038,1.147,0.531
138.143,1.195,0.584
138.254,1.187,0.575
138.365,1.205,0.578
138.478,1.181,0.616
138.594,1.216,0.493
138.695,1.094,0.5
138.807,1.19,0.45
138.914,1.15,0.522
139.018,1.116,0.479
139.133,0.715,0.451
139.242,0.706,0.461
139.348,0.778,0.435
139.691,0.623,1.415
139.803,0.976,1.484
139.893,0.654,1.554
140.008,0.629,1.832
140.117,0.607,1.813
140.225,0.712,1.628
140.334,0.616,1.354
140.442,0.664,0.498
140.556,0.633,0.602
140.659,0.789,0.497
140.771,0.654,0.547
140.884,0.69,0.864
140.992,0.593,0.845
141.1,0.659,0.881
141.206,0.655,1
141.315,0.661,0.839
141.431,0.649,0.863
141.539,0.647,1.183
141.644,0.663,1.118
141.759,0.616,1.009
141.862,0.939,1.45
141.973,1.066,0.886
142.082,1.259,0.518
142.195,1.512,0.602
142.3,1.471,0.518
142.415,1.35,0.747
142.521,1.423,0.48
142.628,1.313,0.601
142.737,1.117,0.497
142.848,1.607,0.477
142.956,1.306,0.515
143.067,1.154,0.441
143.181,1.035,0.445
143.284,1.336,0.463
143.396,0.649,0.544
143.508,0.62,0.422
143.617,0.87,0.462
143.721,1.069,0.471
143.833,0.64,0.46
143.945,0.63,0.517
144.05,0.65,0.468
144.165,0.611,0.434
144.27,0.658,0.455
144.383,0.636,0.454
144.492,0.811,0.468
144.597,0.642,0.461
144.707,0.699,0.501
144.815,0.647,0.539
144.925,0.652,0.518
145.039,0.65,0.527
145.144,1.296,0.54
145.253,0.781,0.488
145.367,0.654,0.458
145.473,0.631,0.478
145.593,0.647,0.478
145.69,0.674,0.452
145.807,0.671,0.4
145.911,0.657,0.405
146.019,0.646,0.432
146.129,0.621,0.421
146.237,0.674,0.445
146.348,0.661,0.739
146.457,0.631,0.44
146.785,0.635,1.397
146.896,0.841,1.455
147.002,0.727,1.446
147.112,0.62,1.292
147.221,0.619,0.807
147.334,0.655,0.565
147.445,0.639,0.466
147.551,0.664,0.523
147.663,0.617,0.492
147.769,0.664,0.615
147.878,0.708,1.246
147.987,0.699,0.457
148.099,0.623,0.459
148.206,0.619,0.439
148.32,0.625,0.57
148.427,0.651,0.582
148.539,0.613,0.522
148.645,0.598,0.631
148.757,0.702,0.669
148.862,0.62,0.775
148.973,0.663,0.793
149.084,0.632,0.582
149.19,0.617,0.934
149.303,0.628,0.992
149.414,0.698,0.599
149.518,0.637,0.75
149.628,0.635,0.639
149.737,0.763,0.684
149.846,0.658,0.842
149.957,0.761,0.749
150.07,0.669,0.713
150.181,0.597,0.439
150.288,0.601,0.554
150.393,0.641,0.454
150.504,0.652,0.412
150.617,0.596,0.483
150.723,0.637,0.518
150.832,0.609,1.311
150.945,0.734,1.412
151.051,0.692,1.493
151.16,0.585,1.354
151.269,0.621,0.682
151.378,0.661,0.56
151.488,0.605,0.463
151.596,0.611,0.475
151.707,0.606,0.466
151.816,0.623,0.516
151.928,0.783,0.439
152.039,0.636,0.427
152.145,0.624,0.419
152.252,0.617,0.464
152.368,0.598,0.621
152.478,0.654,0.445
152.595,0.637,0.561
152.696,0.576,0.474
152.806,0.68,0.54
152.911,0.946,0.495
153.021,1.169,0.484
153.129,0.602,0.397
153.242,0.629,0.45
153.347,0.612,0.464
153.458,0.641,0.442
153.567,0.668,0.444
153.674,0.639,0.472
153.789,0.626,0.466
153.894,0.628,0.45
154.008,0.732,0.432
154.117,0.657,0.343
154.224,0.671,0.337
154.332,0.645,0.561
154.445,0.667,0.427
154.55,0.628,0.452
154.659,0.637,0.471
154.771,0.694,0.461
154.882,0.688,0.566
154.993,0.66,0.504
155.096,0.692,0.532
155.208,0.654,0.445
155.315,0.676,0.509
155.427,0.711,0.441
155.538,0.637,0.448
155.645,0.652,0.508
155.753,0.665,0.507
155.867,0.622,0.869
155.972,0.691,1.155
156.082,0.69,1.03
156.195,0.769,0.896
156.306,0.791,1.077
156.414,0.976,0.887
156.519,1.301,1.004
156.628,1.143,0.882
156.742,0.809,1.13
156.849,0.838,1.404
156.956,0.739,0.768
157.07,1.263,1.074
157.182,1.699,0.435
157.288,1.332,0.508
157.396,1.298,0.559
157.504,1.277,0.486
157.612,1.329,0.559
157.728,1.227,0.444
157.834,1.62,0.519
157.945,1.683,0.47
158.053,1.432,0.435
158.164,1.555,0.364
158.27,1.257,0.447
158.382,1.165,0.454
158.487,1.54,0.486
158.597,1.051,0.482
158.708,0.799,0.442
158.817,1.376,0.484
158.925,0.699,0.465
159.035,0.639,0.465
159.146,0.831,0.423
159.257,0.629,0.455
159.368,0.654,0.518
159.472,0.668,0.452
159.593,0.695,0.485
159.69,0.59,0.474
159.799,0.726,0.488
159.915,0.717,0.54
160.02,0.69,0.508
160.128,0.661,0.551
160.242,0.693,0.496
160.347,0.629,0.436
160.457,0.719,0.443
160.568,0.642,0.48
160.681,0.643,0.464
160.785,0.642,0.466
160.894,0.715,0.467
161.008,0.702,0.442
161.118,0.636,0.443
161.221,0.94,0.44
161.33,1.29,0.473
161.44,1.247,0.422
161.55,1.21,0.459
161.66,1.275,0.471
161.77,1.167,0.441
161.878,1.353,0.514
161.988,1.272,0.468
162.099,1.273,0.434
162.209,1.181,0.42
162.318,1.282,0.624
162.427,1.217,0.472
162.539,1.239,0.47
162.645,1.228,0.572
162.759,1.223,0.436
162.867,1.239,0.515
162.972,1.277,0.46
163.082,1.222,0.469
163.19,1.17,0.463
163.307,1.24,0.808
163.415,1.257,0.976
163.519,1.254,0.577
163.633,1.183,0.564
163.741,1.237,0.41
163.848,1.228,0.502
163.958,1.469,0.494
164.069,1.278,0.431
164.181,1.208,0.444
164.289,1.24,0.575
164.394,1.272,0.479
164.509,1.151,0.491
164.618,1.069,0.488
164.722,1.202,0.446
164.832,1.093,0.532
164.941,1.23,0.492
165.056,1.193,0.527
165.165,1.196,0.493
165.27,1.123,0.45
165.384,1.162,0.557
165.489,1.139,0.445
165.598,1.229,0.481
165.707,1.109,0.474
165.817,1.134,0.482
165.926,1.185,0.436
166.04,1.263,0.469
166.143,1.873,0.465
166.254,1.261,0.486
166.368,1.161,0.541
166.472,1.121,0.484
166.593,1.198,0.454
166.691,1.172,0.452
166.8,1.172,0.483
166.91,1.155,0.453
167.022,1.21,0.505
167.127,1.168,0.453
167.237,1.155,0.447
167.349,1.172,0.552
167.456,1.175,0.438
167.57,0.932,0.515
167.677,0.647,0.516
167.79,0.659,0.451
167.896,0.66,0.498
168.003,0.722,0.483
168.113,0.654,0.472
168.223,0.649,0.433
168.332,0.625,0.552
168.444,0.674,0.477
168.556,0.694,0.443
168.664,0.599,0.413
168.771,0.711,0.447
168.884,0.617,0.481
168.992,0.678,0.462
169.1,0.643,0.462
169.207,0.66,0.43
169.319,0.618,0.543
169.425,0.668,0.452
169.535,0.637,0.455
169.643,0.619,0.502
169.758,0.695,0.438
169.867,0.69,0.571
169.971,0.701,0.506
170.083,0.745,0.531
170.396,0.708,1.091
170.449,0.627,1.583
170.519,0.695,1.501
170.634,0.679,1.26
170.931,0.637,1.627
171.388,0.628,1.958
171.422,0.739,1.737
171.507,0.655,1.629
171.652,0.667,1.663
171.723,0.627,1.77
171.833,0.69,1.733
171.946,0.762,1.711
172.055,0.625,1.761
172.163,0.643,1.506
172.269,0.643,1.685
172.384,0.748,1.886
172.487,0.681,1.378
172.597,0.928,1.397
172.706,1.098,0.458
172.819,1.034,0.408
172.927,1.242,0.406
173.035,1.277,0.47
173.145,0.961,0.477
173.254,1.113,0.434
173.362,1.192,0.529
173.472,1.137,0.453
173.596,1.678,0.452
173.695,1.415,0.473
173.799,1.188,0.451
173.915,0.811,0.517
174.021,0.664,0.465
174.132,0.641,0.401
174.237,0.657,0.418
174.349,0.703,0.473
174.456,0.64,0.446
174.565,0.69,0.444
174.676,0.668,0.535
174.79,0.947,0.406
174.894,1.514,0.702
175.009,0.877,0.536
175.118,0.819,0.576
175.224,0.732,0.469
175.331,0.773,0.558
175.443,1.139,0.463
175.549,1.244,0.441
175.664,1.421,0.493
175.807,0.854,0.48
176.097,0.734,1.802
176.143,0.792,1.432
176.208,0.804,1.399
176.484,0.818,1.771
176.62,0.788,1.533
176.673,0.827,1.453
176.811,1.23,1.777
176.866,1.004,1.553
176.997,0.769,1.626
177.107,0.795,1.628
177.195,0.803,1.459
177.306,0.717,1.385
177.417,0.833,1.871
177.52,1.452,1.531
177.699,0.911,1.59
177.74,0.722,1.408
177.846,0.62,1.423
177.956,0.648,1.377
178.069,0.71,1.29
178.176,0.6,1.027
178.284,0.675,1.046
178.396,0.673,1.059
178.503,0.614,0.762
178.617,0.659,0.478
178.722,0.709,0.467
178.831,0.635,0.466
178.944,0.656,0.569
179.056,0.655,0.399
179.163,0.622,0.408
179.27,0.698,0.425
179.383,0.617,0.535
179.492,0.746,0.454
179.597,0.672,0.468
179.709,0.709,0.479
179.82,0.63,0.465
179.927,0.661,0.561
180.034,0.634,0.505
180.146,0.654,0.569
180.254,0.66,0.44
180.364,0.667,0.536
180.474,0.697,0.445
180.593,0.65,0.463
180.695,0.627,0.477
180.801,1.217,0.451
180.914,0.745,0.485
181.021,0.612,0.485
181.132,0.661,0.468
181.242,0.654,0.386
181.349,0.642,0.629
181.457,0.658,0.455
181.569,0.759,0.45
181.675,0.61,0.506
181.79,0.653,0.424
181.894,0.66,0.515
182.009,0.667,0.501
182.116,0.872,0.474
182.224,1.142,0.431
182.333,0.61,0.498
182.444,0.592,0.487
182.557,0.629,0.474
182.663,0.614,0.553
182.769,0.653,0.45
182.883,0.628,0.475
182.987,0.608,0.473
183.098,0.611,0.466
183.206,0.665,0.469
183.315,0.643,0.418
183.425,0.595,0.461
183.535,0.637,0.441
183.643,0.618,0.491
183.758,0.727,0.433
183.862,0.612,0.452
183.972,0.633,0.472
184.083,0.614,0.422
184.193,0.656,0.467
184.306,0.623,0.47
184.415,0.636,0.435
184.518,0.598,0.444
184.633,0.625,0.547
184.737,0.688,0.434
184.849,0.585,0.504
184.959,0.652,0.51
185.065,0.609,0.526
185.177,0.636,0.453
185.288,0.63,0.456
185.396,0.632,0.51
185.507,0.605,0.443
185.612,0.617,0.491
185.723,0.675,0.497
185.831,0.611,0.716
185.94,0.727,0.823
186.055,0.693,1.034
186.164,1.003,0.972
186.269,1.267,1.174
186.378,0.626,0.895
186.492,0.601,1.038
186.6,0.61,1.026
186.705,0.663,0.718
186.815,0.648,1.26
186.925,0.612,0.671
187.034,0.607,0.472
187.147,0.629,0.488
187.255,0.605,0.464
187.368,0.656,0.604
187.474,0.662,0.543
187.595,0.748,0.506
187.692,0.861,0.471
187.806,1.006,0.473
187.91,1.165,0.468
188.02,1.141,0.507
188.128,1.313,0.483
188.238,1.344,0.469
188.35,1.216,0.469
188.457,1.398,0.458
188.571,1.152,0.425
188.674,1.231,0.478
188.785,1.166,0.442
188.895,0.941,0.462
189.004,1.465,0.465
189.118,0.762,0.455
189.224,0.707,0.49
189.334,0.848,0.56
189.442,0.804,0.474
189.556,1.324,0.457
189.659,0.636,0.488
189.771,0.668,0.48
189.884,0.681,0.548
189.988,0.655,0.57
190.097,0.624,0.561
190.206,0.656,0.505
190.321,0.621,0.461
190.427,0.676,0.446
190.727,0.647,1.027
190.824,0.73,1.574
190.865,0.636,1.497
190.979,0.661,1.378
191.083,0.632,0.718
191.194,0.708,0.441
191.301,0.783,0.596
191.409,0.66,0.509
191.521,0.67,0.5
191.634,0.674,0.528
191.742,0.719,0.469
191.847,0.707,0.452
191.957,0.644,0.489
192.065,0.642,0.502
192.177,0.651,0.445
192.29,0.718,0.421
192.395,0.674,0.637
192.508,0.651,0.461
192.618,0.639,0.578
192.728,0.657,0.48
192.832,0.641,0.504
192.945,0.637,0.472
193.054,0.672,0.474
193.159,0.64,0.43
193.269,0.645,0.413
193.384,0.67,0.464
193.488,0.635,0.473
193.598,0.635,0.532
193.706,0.83,0.548
193.821,0.65,0.486
193.926,0.684,0.448
194.039,0.64,0.461
194.146,0.655,0.42
194.258,0.592,0.466
194.366,0.708,0.451
194.471,0.669,0.437
194.597,0.688,0.446
194.696,0.666,0.479
194.807,0.663,0.471
194.91,0.697,0.545
195.021,0.651,0.488
195.129,0.668,0.531
195.242,0.589,0.484
195.347,0.744,0.458
195.457,0.617,0.505
195.57,0.643,0.447
195.674,0.637,0.549
195.784,0.67,0.384
195.894,0.641,0.479
196.008,0.648,0.485
196.118,0.618,0.43
196.229,0.699,0.448
196.332,0.688,0.499
196.443,0.661,0.446
196.557,0.682,0.435
196.663,0.606,0.477
196.768,0.671,0.427
196.882,0.649,0.49
196.993,0.65,0.456
197.103,0.643,0.458
197.207,0.64,0.428
197.321,0.627,0.457
197.425,0.762,0.527
197.54,1.134,0.523
197.644,0.612,0.625
197.754,0.609,0.522
197.867,0.657,0.454
197.978,0.642,0.462
198.082,0.601,0.504
198.195,0.685,0.453
198.307,0.841,0.42
198.414,1.249,0.427
198.518,0.635,0.456
198.633,0.668,0.468
198.737,0.597,0.453
198.848,0.726,0.476
198.958,0.677,0.47
199.07,0.648,0.495
199.175,0.606,0.455
199.284,0.644,0.526
199.395,0.662,0.461
199.504,0.638,0.448
199.618,0.684,0.503
199.721,0.689,0.405
199.834,0.65,0.454
199.942,0.652,0.504
200.052,0.678,0.559
200.164,0.581,0.486
200.27,0.643,0.513
200.407,0.655,0.462
200.641,0.636,1.797
200.729,0.64,1.567
200.815,0.643,1.728
200.927,0.653,1.652
201.039,0.629,1.708
201.144,0.637,1.356
201.254,0.677,0.997
201.366,0.626,1.012
201.472,0.717,1.193
201.603,0.702,1.278
201.693,0.599,1.374
201.803,0.744,0.968
201.915,0.66,1.449
202.021,0.669,1.123
202.134,0.646,0.618
202.237,0.68,0.624
202.348,0.619,0.698
202.457,1.552,0.707
203.035,0.921,1.447
203.118,0.971,1.942
203.221,0.857,1.917
203.389,0.93,1.87
203.443,1.167,1.454
203.55,1.325,1.438
203.665,1.739,1.369
203.77,1.684,1.317
203.883,1.582,1.265
203.992,1.667,1.042
204.099,1.568,0.528
204.207,1.558,0.464
204.319,1.651,0.436
204.431,1.722,0.451
204.54,1.546,0.459
204.644,1.175,0.48
204.757,1.475,0.465
204.866,1.455,0.531
204.976,1.449,0.47
205.084,1.594,0.564
205.196,1.166,0.491
205.306,1.313,0.489
205.414,0.639,0.443
205.521,0.705,0.44
205.627,0.653,0.481
205.737,0.626,0.489
205.846,0.625,0.49
205.959,0.678,0.47
206.066,0.614,0.531
206.174,0.659,0.446
206.284,0.956,0.484
206.395,0.646,0.508
206.507,0.667,0.453
206.617,0.658,0.465
206.722,0.631,0.455
206.833,0.638,0.499
206.945,0.87,0.447
207.055,0.717,0.46
207.159,0.65,0.457
207.271,0.699,0.473
207.381,0.739,0.619
207.492,0.696,0.471
207.597,1.269,0.548
207.708,1.27,0.462
207.821,1.159,0.54
207.926,1.225,0.456
208.034,1.214,0.528
208.145,1.162,0.673
208.258,1.242,0.483
208.369,1.199,0.636
208.472,1.135,0.46
208.592,1.136,0.453
208.694,1.162,0.513
208.801,1.196,0.421
208.913,1.216,0.474
209.021,1.285,0.499
209.129,1.872,0.469
209.238,1.246,0.456
209.353,1.288,0.544
209.459,1.284,0.449
209.57,1.224,0.462
209.675,1.156,0.515
209.784,1.211,0.456
209.894,1.132,0.577
210.003,1.193,0.429
210.118,1.139,0.758
210.223,1.197,0.489
210.332,1.149,0.501
210.442,1.175,0.49
210.549,1.113,0.478
210.665,1.199,0.479
210.77,1.079,0.481
210.884,1.201,0.502
210.988,1.1,0.455
211.098,1.265,0.55
211.207,1.089,0.445
211.319,1.218,0.534
211.426,1.128,0.437
211.534,1.175,0.449
211.645,1.134,0.477
211.758,1.115,0.447
211.867,1.179,0.474
211.973,1.2,0.442
212.083,1.282,0.574
212.196,1.268,0.458
212.301,1.212,0.483
212.413,1.083,0.639
212.521,1.177,0.483
212.632,1.1,0.539
212.737,1.171,0.454
212.847,1.152,0.511
212.958,1.162,0.407
213.066,0.67,0.516
213.175,0.651,0.451
213.284,0.646,0.463
213.395,0.72,0.463
213.504,0.626,0.456
213.612,0.633,0.465
213.723,0.675,0.443
213.832,0.681,0.481
213.944,0.679,0.441
214.05,0.663,0.51
214.164,0.642,0.492
214.27,0.59,0.524
214.383,0.686,0.621
214.493,0.645,0.462
214.599,1.318,0.467
214.706,0.622,0.464
214.816,0.649,0.461
214.926,0.626,0.498
215.035,0.673,0.52
215.146,0.617,0.547
215.254,0.662,0.458
215.363,0.648,0.491
215.471,0.693,0.451
215.595,0.623,0.461
215.694,0.636,0.489
215.8,0.617,0.707
215.914,0.675,0.888
216.019,0.612,1.183
216.132,0.644,1.34
216.242,0.596,1.222
216.349,0.697,1.34
216.458,0.634,1.076
216.571,0.711,1.232
216.675,0.655,1.079
216.79,0.701,1.063
216.895,0.716,1.29
217.004,0.701,0.955
217.116,1.188,1.266
217.221,1.099,0.676
217.334,0.707,0.565
217.446,0.584,0.505
217.555,0.667,0.534
217.663,0.612,0.517
217.77,0.632,0.409
217.879,0.628,0.505
217.987,0.689,0.446
218.1,0.631,0.535
218.206,0.698,0.423
218.321,0.693,0.577
218.425,0.885,0.471
218.539,1.073,0.453
218.646,1.092,0.512
218.756,1.149,0.451
218.867,1.162,0.471
218.972,1.028,0.43
219.083,1.193,0.503
219.191,1.184,0.446
219.301,1.224,0.55
219.413,1.179,0.461
219.519,1.115,0.456
219.628,0.73,0.486
219.743,0.642,0.452
219.848,0.655,0.569
219.956,0.7,0.463
220.068,0.705,0.565
220.174,0.699,0.514
220.289,0.65,0.511
220.395,0.683,0.497
220.503,0.697,0.455
220.613,0.606,0.483
220.722,0.663,0.452
220.832,0.643,0.5
220.945,0.688,0.45
221.054,0.623,0.475
221.162,0.685,0.472
221.27,0.636,0.433
221.383,0.692,0.441
221.488,0.65,0.441
221.596,0.639,0.471
221.708,0.63,0.437
221.82,0.63,0.498
221.925,0.692,0.454
222.035,0.586,0.468
222.143,0.66,0.508
222.258,0.791,0.46
222.366,0.665,0.571
222.473,0.655,0.545
222.596,0.649,0.59
222.696,0.628,0.474
222.801,0.65,0.516
222.909,0.668,0.453
223.018,0.627,0.444
223.128,0.654,0.511
223.238,0.9,0.571
223.348,0.643,0.865
223.458,0.661,0.693
223.566,0.659,0.471
223.676,0.632,0.461
223.785,0.64,0.446
223.894,0.665,0.634
224.008,0.664,0.431
224.117,0.608,0.501
224.222,0.642,0.418
224.333,0.69,0.602
224.446,0.62,0.457
224.551,0.636,0.54
224.665,1.437,0.498
224.77,1.029,0.471
224.882,0.743,0.569
224.987,0.859,0.433
225.098,0.918,0.645
225.207,0.909,0.468
225.316,0.957,0.567
225.43,0.85,0.448
225.534,1.684,0.463
225.644,0.757,0.476
225.972,0.828,1.062
226.083,0.809,1.576
226.195,0.859,1.393
226.307,1.147,1.162
226.414,1.396,0.461
226.519,0.852,0.445
226.627,0.859,0.494
226.738,0.738,0.394
226.846,0.703,0.465
226.956,1.479,0.442
227.068,0.872,0.48
227.175,0.785,0.473
227.284,0.713,0.478
227.393,0.683,0.595
227.508,0.707,0.482
227.612,0.687,0.616
227.722,0.638,0.433
227.831,0.648,0.62
227.942,0.619,0.488
228.053,0.709,0.509
228.163,0.625,0.557
228.269,0.661,0.488
228.379,0.649,0.572
228.493,0.624,0.553
228.598,0.626,0.644
228.708,0.643,0.623
228.819,0.619,0.574
228.925,0.637,0.451
229.04,0.634,0.483
229.145,0.67,0.55
229.257,0.637,0.359
229.366,0.668,0.532
229.472,0.624,0.422
229.593,0.621,0.486
229.691,0.63,0.496
229.807,0.745,0.5
229.91,0.685,0.643
230.02,0.613,0.506
230.133,0.676,0.676
230.238,0.609,0.535
230.346,0.716,0.585
230.458,0.613,0.481
230.57,0.652,0.482
230.674,0.651,0.574
230.789,0.67,0.823
230.896,0.58,0.881
231.006,0.637,0.884
231.115,0.632,1.106
231.222,0.625,0.957
231.334,0.738,1.417
231.722,0.597,2.079
231.865,0.917,1.795
231.882,1.05,1.626
231.991,0.674,1.626
232.097,0.601,1.759
232.206,0.604,1.284
232.315,0.606,0.556
232.424,0.676,0.472
232.534,0.616,0.447
232.643,0.684,0.666
232.758,0.717,0.51
232.867,0.663,0.571
232.971,0.673,0.41
233.083,0.621,0.513
233.19,0.657,0.486
233.301,0.589,0.476
233.415,0.722,0.482
233.52,0.697,0.543
233.63,0.736,0.468
233.742,0.655,0.48
233.847,0.853,0.6
233.957,1.118,0.552
234.07,1.072,0.449
234.174,1.142,0.479
234.286,1.09,0.471
234.393,1.228,0.533
234.508,1.058,0.55
234.614,1.405,0.616
234.724,1.317,0.679
234.834,1.137,0.658
234.945,1.148,0.521
235.053,0.951,0.453
235.163,0.692,0.577
235.27,0.645,0.588
235.381,0.681,0.555
235.488,0.647,0.448
235.599,0.761,0.438
235.708,0.693,0.478
235.82,0.631,0.513
235.931,0.637,0.448
236.034,0.624,0.457
236.145,0.679,0.487
236.257,0.612,0.448
236.362,0.689,0.53
236.473,0.652,0.464
236.594,0.642,0.742
236.692,0.638,1.477
236.803,0.64,1.71
236.915,0.61,1.729
237.019,0.665,1.025
237.13,0.657,0.625
237.242,0.88,0.485
237.346,0.87,0.542
237.457,0.634,0.485
237.566,0.685,0.574
237.676,0.618,0.625
237.785,0.686,0.459
237.893,0.781,0.463
238.004,0.625,0.438
238.115,0.66,0.468
238.222,0.632,0.484
238.331,0.617,0.613
238.444,0.672,0.479
238.554,0.68,0.51
238.662,0.602,0.578
238.769,0.674,0.599
238.878,0.62,0.686
238.987,0.624,0.635
239.096,0.657,0.626
239.209,0.643,0.476
239.315,0.637,0.684
239.429,0.649,0.58
239.534,0.662,0.562
239.644,0.865,0.569
239.758,0.664,0.582
239.862,0.659,0.625
239.973,0.62,0.497
240.082,0.703,0.623
240.192,0.634,0.622
240.302,0.635,0.625
240.409,0.677,0.513
240.519,0.798,0.467
240.63,1.174,0.614
240.738,0.894,0.553
240.847,0.636,0.635
240.957,0.655,0.623
241.07,0.646,0.627
241.175,0.626,0.589
241.286,0.765,0.508
241.394,0.715,0.562
241.502,0.628,0.468
241.614,0.654,0.516
241.723,0.684,0.478
241.833,0.6,0.505
241.945,0.652,0.49
242.052,0.645,0.49
242.159,0.624,0.553
242.268,0.67,0.536
242.381,0.659,0.813
242.487,0.637,0.484
242.598,0.682,0.572
242.706,0.645,0.587
242.817,0.649,0.473
242.926,0.67,0.582
243.034,0.68,0.645
243.146,0.699,0.594
243.254,0.635,0.583
243.366,0.707,0.541
243.471,0.631,0.603
243.594,0.732,0.568
243.693,0.697,0.617
243.799,0.638,0.664
243.909,0.65,1.001
244.02,0.619,0.672
244.131,0.624,0.549
244.237,0.673,0.463
244.348,0.647,1.48
244.456,0.656,1.729
244.567,0.622,0.993
244.678,0.672,0.904
244.789,0.622,0.596
244.895,1.413,1.272
245.009,0.634,1.209
245.118,0.698,1.338
245.221,0.658,1.419
245.332,0.656,0.916
245.443,0.617,0.733
245.55,0.63,0.488
245.662,0.769,0.582
245.772,0.687,0.873
245.882,0.635,1.101
245.99,0.643,1.198
246.096,0.645,1.459
246.206,0.61,1.07
246.32,0.653,1.36
246.424,0.62,1.37
246.539,0.622,1.192
246.644,0.651,1.236
246.757,0.677,1.013
246.865,0.628,1.32
246.973,0.953,1.461
247.082,1.419,1.086
247.194,1.257,0.775
247.306,0.943,0.516
247.409,1.192,0.452
247.519,1.174,0.471
247.63,1.948,1.106
247.743,1.629,0.864
247.846,1.41,0.453
247.958,1.534,0.551
248.069,1.546,0.532
248.176,1.393,0.494
248.284,1.442,0.455
248.395,1.864,0.464
248.504,1.429,0.419
248.617,1.275,1.106
248.725,1.52,1.651
248.832,1.671,1.499
248.944,1.881,1.532
249.05,1.831,0.911
249.164,1.587,0.722
249.268,1.795,0.552
249.383,1.966,0.552
249.488,1.918,0.453
249.599,1.892,0.447
249.707,1.875,0.489
249.819,1.821,0.482
249.926,1.801,0.47
250.039,1.841,0.453
250.144,1.788,0.548
250.257,1.824,0.487
250.363,1.957,0.515
250.472,1.518,0.489
250.595,1.71,0.453
250.691,1.696,0.47
250.806,1.578,0.467
250.909,1.455,0.447
251.02,1.644,0.434
251.132,1.802,0.49
251.243,1.203,0.517
251.349,1.122,0.52
251.457,0.682,0.491
251.57,0.78,0.427
251.675,0.634,0.466
251.789,0.68,0.512
251.895,0.639,0.525
252.006,0.636,0.474
252.116,0.633,1.166
252.221,0.716,0.854
252.334,0.629,0.784
252.444,0.653,0.701
252.555,0.667,0.559
252.66,0.661,0.506
252.771,0.675,0.495
252.884,0.638,0.528
252.99,0.626,0.487
253.097,1.48,0.74
253.206,0.715,1.518
253.315,0.619,1.604
253.426,0.701,1.684
253.54,0.627,1.027
253.643,0.749,0.5
253.754,0.639,0.615
253.864,0.677,0.475
253.978,0.611,0.443
254.083,0.657,0.454
254.19,0.708,0.504
254.306,0.618,0.457
254.409,0.674,0.451
254.52,0.622,0.452
254.633,0.674,0.454
254.742,0.681,0.479
254.847,0.651,0.48
254.957,0.622,0.468
255.066,0.616,0.484
255.175,0.693,0.516
255.285,0.662,0.57
255.393,0.669,0.546
255.507,0.649,0.569
255.618,0.683,0.46
255.721,0.62,0.452
255.831,0.657,0.459
255.94,0.624,0.458
256.051,0.719,0.447
256.165,0.616,0.487
256.27,0.668,0.445
256.38,0.639,0.499
256.493,0.682,0.461
256.599,0.62,0.424
256.706,0.672,0.448
256.816,0.651,0.465
256.925,0.641,0.48
257.034,0.692,0.578
257.146,0.611,0.458
257.258,0.664,0.455
257.368,0.672,0.499
257.475,0.642,0.51
257.595,0.768,0.596
257.691,0.775,0.538
257.801,0.647,0.529
257.91,0.649,0.495
258.021,0.655,0.486
258.133,0.657,0.486
258.242,0.655,0.467
258.349,0.662,0.546
258.458,0.647,0.432
258.566,0.674,0.467
258.677,0.605,0.617
258.784,0.693,0.871
258.894,0.632,0.634
259.003,0.621,0.743
259.118,0.67,0.573
259.222,0.6,0.64
259.332,0.667,0.72
259.44,0.636,0.638
259.556,0.705,0.54
259.66,0.66,0.491
259.771,0.654,0.489
259.883,0.662,0.499
259.99,0.611,0.462
260.355,0.599,1.372
260.425,0.615,1.456
260.539,0.638,1.436
260.644,0.656,1.146
260.754,0.698,0.539
260.867,0.611,1.495
260.99,0.656,1.831
261.227,0.576,2.132
261.323,0.833,1.767
261.415,0.639,1.676
261.52,0.634,1.817
261.627,0.708,1.323
261.739,0.642,0.981
261.846,0.655,1.287
261.956,0.657,1.303
262.07,0.657,0.929
262.176,0.592,1.52
262.286,0.639,1.295
262.395,0.636,0.636
262.503,0.622,1.216
262.614,0.653,1.017
262.722,0.609,0.842
262.831,0.688,0.729
262.942,0.608,0.583
263.053,0.633,0.473
263.159,0.66,0.504
263.27,0.603,0.463
263.384,0.641,0.594
263.489,0.605,0.508
263.599,0.707,0.613
263.706,0.624,0.585
263.815,0.663,0.597
263.925,0.736,0.465
264.038,0.706,0.533
264.145,0.926,0.481
264.256,1.023,0.486
264.362,1.204,0.365
264.473,1.1,0.455
264.593,1.488,0.502
264.695,1.543,0.463
264.806,1.302,0.464
264.914,1.102,0.436
265.019,1.086,0.487
265.133,1.169,1.274
265.24,1.267,1.576
265.347,1.111,1.766
265.459,0.984,1.636
265.571,1.44,0.733
265.675,0.969,0.559
265.784,0.943,0.556
265.893,0.675,0.467
266.006,0.634,0.443
266.116,0.62,0.459
266.222,0.637,0.482
266.333,0.666,0.527
266.443,0.609,0.456
266.557,0.648,0.43
266.664,0.621,0.448
266.77,0.646,0.457
266.883,0.652,0.462
266.989,0.768,0.465
267.097,0.644,0.465
267.206,0.633,0.468
267.319,0.638,0.528
267.426,0.62,0.418
267.539,0.674,0.467
267.644,0.644,0.559
267.752,1.008,0.485
267.867,1.297,0.626
267.973,1.21,0.509
268.083,1.684,0.544
268.195,1.643,0.464
268.302,1.223,0.557
268.409,1.438,0.45
268.52,0.974,0.445
268.633,1.226,0.498
268.739,1.358,0.495
268.846,1.264,0.489
268.958,1.174,0.448
269.069,1.652,0.478
269.175,1.57,0.467
269.289,1.137,0.505
269.396,1.279,0.465
269.502,1.205,0.448
269.618,1.213,0.495
269.723,1.204,0.482
269.833,1.252,0.584
269.945,1.34,0.542
270.05,1.596,0.495
270.164,1.18,0.527
270.268,1.242,0.502
270.383,1.186,0.669
270.488,1.264,0.45
270.599,1.066,0.482
270.707,1.235,0.47
270.82,1.119,0.417
270.931,1.207,0.446
271.034,1.124,0.467
271.146,1.188,0.468
271.257,1.08,0.475
271.363,1.222,0.659
271.471,1.137,0.431
271.595,1.196,0.45
271.696,1.087,0.476
271.8,1.194,0.524
271.908,1.268,0.466
272.021,1.156,0.524
272.129,1.191,0.481
272.238,1.165,0.479
272.348,1.14,0.473
272.457,1.129,0.445
272.57,1.186,0.492
272.674,1.13,0.502
272.79,1.213,0.531
272.895,1.295,0.514
273.003,1.175,0.445
273.113,1.131,0.452
273.224,1.158,0.53
273.333,1.145,0.513
273.445,1.131,0.439
273.555,1.164,0.442
273.664,1.139,0.478
273.77,1.138,0.447
273.879,0.683,0.54
273.992,0.676,0.433
274.097,0.778,0.493
274.209,1.26,0.46
274.321,1.154,0.561
274.427,0.708,0.374
274.539,0.906,0.463
274.643,0.772,0.484
274.758,0.736,0.434
274.862,0.9,0.477
274.974,1.299,0.428
275.083,1.215,0.497
275.195,0.798,0.53
275.3,0.818,0.523
275.414,1.076,0.515
275.518,1.102,0.458
275.633,0.76,0.51
275.742,0.833,0.496
275.854,0.783,0.766
275.956,0.791,1.148
276.071,0.73,1.153
276.175,1.295,1.127
276.29,1.101,0.864
276.395,0.792,1.163
276.508,0.742,0.807
276.618,0.802,0.953
276.725,0.826,1.07
276.832,0.78,0.828
276.944,0.745,1.075
277.051,0.845,0.811
277.164,0.759,0.639
277.27,1.159,0.44
277.38,1.112,0.524
277.493,0.682,0.452
277.599,0.651,0.506
277.708,0.636,0.476
277.821,0.698,0.571
277.931,0.636,0.478
278.035,0.682,0.481
278.146,0.663,0.523
278.258,0.632,0.508
278.368,0.647,0.472
278.473,0.688,0.505
278.595,0.688,0.475
278.694,0.604,0.467
278.8,0.759,0.476
278.91,0.79,0.48
279.02,0.596,0.446
279.129,0.805,0.505
279.243,1.067,0.499
279.349,1.02,0.557
279.458,1.149,0.444
279.571,1.225,0.476
279.681,1.017,0.473
279.784,1.09,0.433
279.893,1.393,0.488
280.008,1.067,0.457
280.112,1.14,0.621
280.221,1.305,0.546
280.334,0.614,0.63
280.443,0.632,0.387
280.551,0.656,0.366
280.66,0.644,0.398
280.769,0.652,0.338
280.878,0.798,0.382
280.992,0.76,0.321
281.098,0.737,0.375
281.206,0.681,0.377
281.32,0.603,0.357
281.424,0.739,0.34
281.539,0.695,0.334
281.644,0.682,0.404
281.753,0.674,0.334
281.867,0.73,0.364
281.974,0.685,0.367
282.081,1.338,0.361
282.19,0.673,0.364
282.302,0.662,0.346
282.41,0.693,0.377
282.518,0.64,0.37
282.628,0.657,0.507
282.742,0.641,0.351
282.847,0.801,0.486
282.956,0.64,0.351
283.067,0.675,0.361
283.175,0.647,0.347
283.29,0.689,0.774
283.395,0.635,1.009
283.509,0.651,0.73
283.614,0.603,1.22
283.724,0.675,0.484
283.831,0.634,0.544
283.946,0.923,0.411
284.054,0.678,0.397
284.162,0.657,0.54
284.269,0.639,0.66
284.383,0.669,1.055
284.488,0.681,1.681
284.599,0.65,1.758
284.706,0.659,1.328
284.821,0.641,0.563
284.926,0.653,1.451
285.036,0.63,1.161
285.144,0.632,0.765
285.254,0.631,0.548
285.364,0.7,0.549
285.474,0.637,0.758
285.596,0.652,1.008
285.694,0.628,0.557
285.8,0.745,0.457
285.909,1.314,0.523
286.019,1.029,0.447
286.128,0.696,0.499
286.242,0.637,0.472
286.348,0.697,0.571
286.459,0.653,0.466
286.571,0.616,0.438
286.675,0.625,0.514
286.79,0.677,0.431
286.894,0.668,0.573
287.008,0.629,0.58
287.115,0.663,0.428
287.223,0.691,0.461
287.333,0.657,0.464
287.444,0.693,0.457
287.551,0.633,0.471
287.664,0.676,0.524
287.768,0.707,0.433
287.878,0.639,0.491
287.989,0.782,0.528
288.097,1.067,0.489
288.207,0.797,0.587
288.319,0.614,0.554
288.426,0.669,0.48
288.534,0.623,0.808
288.643,0.623,0.666
288.758,0.661,0.46
288.868,0.666,0.583
288.972,0.687,0.43
289.083,0.72,0.526
289.195,0.713,0.442
289.302,1.652,0.454
289.413,1.769,0.494
289.52,1.455,0.446
289.629,1.258,0.497
289.742,1.293,0.443
289.846,1.346,0.504
289.958,1.223,0.459
290.066,1.326,0.441
290.175,1.205,0.477
290.285,1.147,0.451
290.395,1.184,0.507
290.506,1.165,0.712
290.613,1.143,0.517
290.722,1.209,0.681
290.831,1.167,0.798
290.946,1.204,0.916
291.05,1.148,1.117
291.163,1.17,0.986
291.269,1.153,0.97
291.379,1.182,0.912
291.491,1.16,1.177
291.597,1.131,1.231
291.706,1.169,1.15
291.82,1.147,1.506
291.925,1.162,1.369
292.038,1.186,0.62
292.143,1.173,0.586
292.253,1.093,0.57
292.366,1.227,0.654
292.472,1.13,0.452
292.597,1.184,0.48
292.695,1.136,0.502
292.807,1.168,0.463
292.914,1.196,0.487
293.019,1.22,0.471
293.13,1.101,0.428
293.242,1.293,0.539
293.347,0.681,0.482
293.464,0.647,0.859
293.736,0.662,1.918
293.82,0.596,1.996
293.894,0.658,1.96
294.008,0.683,1.931
294.118,0.771,1.493
294.222,0.876,1.326
294.33,1.016,0.598
294.44,1.04,0.493
294.55,1.144,0.453
294.659,1.128,0.501
294.768,1.238,0.438
294.884,1.216,0.491
294.991,1.251,0.404
295.097,1.223,0.429
295.206,1.246,0.483
295.315,1.45,0.469
295.428,1.061,0.555
295.538,0.796,0.505
295.646,1.015,0.506
295.758,0.935,0.639
295.867,0.698,0.444
295.974,0.694,0.44
296.083,0.672,0.467
296.194,0.658,0.586
296.302,0.671,0.65
296.415,0.683,0.526
296.519,1.495,0.471
296.63,0.833,0.555
296.742,0.668,0.598
296.847,0.659,0.587
296.956,0.619,0.53
297.07,0.863,0.851
297.182,0.668,1.107
297.286,0.65,0.821
297.395,0.647,0.771
297.507,0.627,0.467
297.616,0.643,0.525
297.723,0.697,0.498
297.832,0.614,0.406
297.945,0.657,0.501
298.052,0.752,0.501
298.159,0.686,0.539
298.271,0.618,0.513
298.383,0.676,0.546
298.488,0.733,0.452
298.596,0.626,0.573
298.708,0.658,1.535
298.816,0.647,1.571
298.926,0.642,1.325
299.04,0.639,1.278
299.144,0.683,0.559
299.255,0.722,0.669
299.362,0.563,0.61
299.473,0.642,0.397
299.594,0.644,0.359
299.695,0.569,0.502
299.801,0.622,0.442
299.915,0.618,0.472
300.019,0.692,0.457
,0.646,
,0.636,
,0.581,
,0.921,
,0.842,
,1.066,
,1.393,
,0.897,
,0.893,
,0.914,
,0.939,
,0.78,
,1.131,
,1.431,
,0.766,
,0.729,
,0.852,
,0.956,
,0.962,
,0.983,
,1.463,
,0.758,
,0.755,
,0.771,
,0.655,
,0.611,
,0.661,
